{
    "glyphs": {
        "A": {
            "offset": 0,
            "pixels": [
                [0,1,1,1,0],
                [1,0,0,0,1],
                [1,0,0,0,1],
                [1,1,1,1,1],
                [1,0,0,0,1],
                [1,0,0,0,1],
                [1,0,0,0,1]
            ]
        },
        "B": {
            "offset": 0,
            "pixels": [
                [1,1,1,1,0],
                [1,0,0,0,1],
                [1,0,0,0,1],
                [1,1,1,1,0],
                [1,0,0,0,1],
                [1,0,0,0,1],
                [1,1,1,1,0]
            ]
        },
        "C": {
            "offset": 0,
            "pixels": [
                [0,1,1,1,0],
                [1,0,0,0,1],
                [1,0,0,0,0],
                [1,0,0,0,0],
                [1,0,0,0,0],
                [1,0,0,0,1],
                [0,1,1,1,0]
            ]
        },
        "D": {
            "offset": 0,
            "pixels": [
                [1,1,1,1,0],
                [1,0,0,0,1],
                [1,0,0,0,1],
                [1,0,0,0,1],
                [1,0,0,0,1],
                [1,0,0,0,1],
                [1,1,1,1,0]
            ]
        },
        "E": {
            "offset": 0,
            "pixels": [
                [1,1,1,1,1],
                [1,0,0,0,0],
                [1,0,0,0,0],
                [1,1,1,1,0],
                [1,0,0,0,0],
                [1,0,0,0,0],
                [1,1,1,1,1]
            ]
        },
        "F": {
            "offset": 0,
            "pixels": [
                [1,1,1,1,1],
                [1,0,0,0,0],
                [1,0,0,0,0],
                [1,1,1,1,0],
                [1,0,0,0,0],
                [1,0,0,0,0],
                [1,0,0,0,0]
            ]
        },
        "G": {
            "offset": 0,
            "pixels": [
                [0,1,1,1,0],
                [1,0,0,0,1],
                [1,0,0,0,0],
                [1,0,0,1,1],
                [1,0,0,0,1],
                [1,0,0,0,1],
                [0,1,1,1,0]
            ]
        },
        "H": {
            "offset": 0,
            "pixels": [
                [1,0,0,0,1],
                [1,0,0,0,1],
                [1,0,0,0,1],
                [1,1,1,1,1],
                [1,0,0,0,1],
                [1,0,0,0,1],
                [1,0,0,0,1]
            ]
        },
        "I": {
            "offset": 0,
            "pixels": [
                [1,1,1,1,1],
                [0,0,1,0,0],
                [0,0,1,0,0],
                [0,0,1,0,0],
                [0,0,1,0,0],
                [0,0,1,0,0],
                [1,1,1,1,1]
            ]
        },
        "J": {
            "offset": 0,
            "pixels": [
                [1,1,1,1,1],
                [0,0,0,1,0],
                [0,0,0,1,0],
                [0,0,0,1,0],
                [0,0,0,1,0],
                [1,0,0,1,0],
                [0,1,1,0,0]
            ]
        },
        "K": {
            "offset": 0,
            "pixels": [
                [1,0,0,0,1],
                [1,0,0,1,0],
                [1,0,1,0,0],
                [1,1,0,0,0],
                [1,0,1,0,0],
                [1,0,0,1,0],
                [1,0,0,0,1]
            ]
        },
        "L": {
            "offset": 0,
            "pixels": [
                [1,0,0,0,0],
                [1,0,0,0,0],
                [1,0,0,0,0],
                [1,0,0,0,0],
                [1,0,0,0,0],
                [1,0,0,0,0],
                [1,1,1,1,1]
            ]
        },
        "M": {
            "offset": 0,
            "pixels": [
                [1,0,0,0,1],
                [1,0,0,0,1],
                [1,1,0,1,1],
                [1,0,1,0,1],
                [1,0,0,0,1],
                [1,0,0,0,1],
                [1,0,0,0,1]
            ]
        },
        "N": {
            "offset": 0,
            "pixels": [
                [1,0,0,0,1],
                [1,0,0,0,1],
                [1,1,0,0,1],
                [1,0,1,0,1],
                [1,0,0,1,1],
                [1,0,0,0,1],
                [1,0,0,0,1]
            ]
        },
        "O": {
            "offset": 0,
            "pixels": [
                [0,1,1,1,0],
                [1,0,0,0,1],
                [1,0,0,0,1],
                [1,0,0,0,1],
                [1,0,0,0,1],
                [1,0,0,0,1],
                [0,1,1,1,0]
            ]
        },
        "P": {
            "offset": 0,
            "pixels": [
                [1,1,1,1,0],
                [1,0,0,0,1],
                [1,0,0,0,1],
                [1,1,1,1,0],
                [1,0,0,0,0],
                [1,0,0,0,0],
                [1,0,0,0,0]
            ]
        },
        "Q": {
            "offset": 0,
            "pixels": [
                [0,1,1,1,0],
                [1,0,0,0,1],
                [1,0,0,0,1],
                [1,0,0,0,1],
                [1,0,1,0,1],
                [1,0,0,1,0],
                [0,1,1,0,1]
            ]
        },
        "R": {
            "offset": 0,
            "pixels": [
                [1,1,1,1,0],
                [1,0,0,0,1],
                [1,0,0,0,1],
                [1,1,1,1,0],
                [1,0,1,0,0],
                [1,0,0,1,0],
                [1,0,0,0,1]
            ]
        },
        "S": {
            "offset": 0,
            "pixels": [
                [0,1,1,1,0],
                [1,0,0,0,1],
                [1,0,0,0,0],
                [0,1,1,1,0],
                [0,0,0,0,1],
                [1,0,0,0,1],
                [0,1,1,1,0]
            ]
        },
        "T": {
            "offset": 0,
            "pixels": [
                [1,1,1,1,1],
                [0,0,1,0,0],
                [0,0,1,0,0],
                [0,0,1,0,0],
                [0,0,1,0,0],
                [0,0,1,0,0],
                [0,0,1,0,0]
            ]
        },
        "U": {
            "offset": 0,
            "pixels": [
                [1,0,0,0,1],
                [1,0,0,0,1],
                [1,0,0,0,1],
                [1,0,0,0,1],
                [1,0,0,0,1],
                [1,0,0,0,1],
                [0,1,1,1,0]
            ]
        },
        "V": {
            "offset": 0,
            "pixels": [
                [1,0,0,0,1],
                [1,0,0,0,1],
                [1,0,0,0,1],
                [1,0,0,0,1],
                [1,0,0,0,1],
                [0,1,0,1,0],
                [0,0,1,0,0]
            ]
        },
        "W": {
            "offset": 0,
            "pixels": [
                [1,0,0,0,1],
                [1,0,0,0,1],
                [1,0,0,0,1],
                [1,0,0,0,1],
                [1,0,1,0,1],
                [1,0,1,0,1],
                [0,1,0,1,0]
            ]
        },
        "X": {
            "offset": 0,
            "pixels": [
                [1,0,0,0,1],
                [1,0,0,0,1],
                [0,1,0,1,0],
                [0,0,1,0,0],
                [0,1,0,1,0],
                [1,0,0,0,1],
                [1,0,0,0,1]
            ]
        },
        "Y": {
            "offset": 0,
            "pixels": [
                [1,0,0,0,1],
                [1,0,0,0,1],
                [0,1,0,1,0],
                [0,0,1,0,0],
                [0,0,1,0,0],
                [0,0,1,0,0],
                [0,0,1,0,0]
            ]
        },
        "Z": {
            "offset": 0,
            "pixels": [
                [1,1,1,1,1],
                [0,0,0,0,1],
                [0,0,0,1,0],
                [0,0,1,0,0],
                [0,1,0,0,0],
                [1,0,0,0,0],
                [1,1,1,1,1]
            ]
        },
        "a": {
            "offset": 2,
            "pixels": [
                [0,0,0,0],
                [0,0,0,0],
                [0,1,1,1],
                [1,0,0,1],
                [1,0,0,1],
                [1,0,0,1],
                [0,1,1,1]
            ]
        },
        "b": {
            "offset": 0,
            "pixels": [
                [1,0,0,0],
                [1,0,0,0],
                [1,1,1,0],
                [1,0,0,1],
                [1,0,0,1],
                [1,0,0,1],
                [1,1,1,0]
            ]
        },
        "c": {
            "offset": 2,
            "pixels": [
                [0,0,0,0],
                [0,0,0,0],
                [0,1,1,1],
                [1,0,0,0],
                [1,0,0,0],
                [1,0,0,0],
                [0,1,1,1]
            ]
        },
        "d": {
            "offset": 0,
            "pixels": [
                [0,0,0,1],
                [0,0,0,1],
                [0,1,1,1],
                [1,0,0,1],
                [1,0,0,1],
                [1,0,0,1],
                [0,1,1,1]
            ]
        },
        "e": {
            "offset": 2,
            "pixels": [
                [0,0,0,0],
                [0,0,0,0],
                [0,1,1,0],
                [1,0,0,1],
                [1,1,1,1],
                [1,0,0,0],
                [0,1,1,1]
            ]
        },
        "f": {
            "offset": 0,
            "pixels": [
                [0,0,1,1],
                [0,1,0,0],
                [1,1,1,0],
                [0,1,0,0],
                [0,1,0,0],
                [0,1,0,0],
                [0,1,0,0]
            ]
        },
        "g": {
            "offset": 2,
            "pixels": [
                [0,1,1,1],
                [1,0,0,1],
                [1,0,0,1],
                [1,0,0,1],
                [0,1,1,1],
                [0,0,0,1],
                [0,1,1,0]
            ]
        },
        "h": {
            "offset": 0,
            "pixels": [
                [1,0,0,0],
                [1,0,0,0],
                [1,1,1,0],
                [1,0,0,1],
                [1,0,0,1],
                [1,0,0,1],
                [1,0,0,1]
            ]
        },
        "i": {
            "offset": 0,
            "pixels": [
                [0,1,0],
                [0,0,0],
                [1,1,0],
                [0,1,0],
                [0,1,0],
                [0,1,0],
                [1,1,1]
            ]
        },
        "j": {
            "offset": 0,
            "pixels": [
                [0,0,1],
                [0,0,0],
                [0,1,1],
                [0,0,1],
                [0,0,1],
                [0,0,1],
                [1,1,0]
            ]
        },
        "k": {
            "offset": 0,
            "pixels": [
                [1,0,0,0],
                [1,0,0,0],
                [1,0,0,1],
                [1,0,1,0],
                [1,1,0,0],
                [1,0,1,0],
                [1,0,0,1]
            ]
        },
        "l": {
            "offset": 0,
            "pixels": [
                [1,1,0],
                [0,1,0],
                [0,1,0],
                [0,1,0],
                [0,1,0],
                [0,1,0],
                [1,1,1]
            ]
        },
        "m": {
            "offset": 2,
            "pixels": [
                [0,0,0,0,0],
                [0,0,0,0,0],
                [1,1,1,1,0],
                [1,0,1,0,1],
                [1,0,1,0,1],
                [1,0,1,0,1],
                [1,0,1,0,1]
            ]
        },
        "n": {
            "offset": 2,
            "pixels": [
                [0,0,0,0],
                [0,0,0,0],
                [1,1,1,0],
                [1,0,0,1],
                [1,0,0,1],
                [1,0,0,1],
                [1,0,0,1]
            ]
        },
        "o": {
            "offset": 2,
            "pixels": [
                [0,0,0,0],
                [0,0,0,0],
                [0,1,1,0],
                [1,0,0,1],
                [1,0,0,1],
                [1,0,0,1],
                [0,1,1,0]
            ]
        },
        "p": {
            "offset": 2,
            "pixels": [
                [1,1,1,0],
                [1,0,0,1],
                [1,0,0,1],
                [1,0,0,1],
                [1,1,1,0],
                [1,0,0,0],
                [1,0,0,0]
            ]
        },
        "q": {
            "offset": 2,
            "pixels": [
                [0,1,1,1],
                [1,0,0,1],
                [1,0,0,1],
                [1,0,0,1],
                [0,1,1,1],
                [0,0,0,1],
                [0,0,0,1]
            ]
        },
        "r": {
            "offset": 2,
            "pixels": [
                [0,0,0,0],
                [0,0,0,0],
                [1,1,1,0],
                [1,0,0,1],
                [1,0,0,0],
                [1,0,0,0],
                [1,0,0,0]
            ]
        },
        "s": {
            "offset": 2,
            "pixels": [
                [0,0,0,0],
                [0,0,0,0],
                [0,1,1,1],
                [1,0,0,0],
                [0,1,1,0],
                [0,0,0,1],
                [1,1,1,0]
            ]
        },
        "t": {
            "offset": 0,
            "pixels": [
                [0,1,0,0],
                [0,1,0,0],
                [1,1,1,0],
                [0,1,0,0],
                [0,1,0,0],
                [0,1,0,0],
                [0,0,1,1]
            ]
        },
        "u": {
            "offset": 2,
            "pixels": [
                [0,0,0,0],
                [0,0,0,0],
                [1,0,0,1],
                [1,0,0,1],
                [1,0,0,1],
                [1,0,0,1],
                [0,1,1,1]
            ]
        },
        "v": {
            "offset": 2,
            "pixels": [
                [0,0,0,0],
                [0,0,0,0],
                [1,0,0,1],
                [1,0,0,1],
                [1,0,0,1],
                [1,0,1,0],
                [0,1,0,0]
            ]
        },
        "w": {
            "offset": 2,
            "pixels": [
                [0,0,0,0,0],
                [0,0,0,0,0],
                [1,0,0,0,1],
                [1,0,0,0,1],
                [1,0,1,0,1],
                [1,0,1,0,1],
                [0,1,0,1,0]
            ]
        },
        "x": {
            "offset": 2,
            "pixels": [
                [0,0,0,0],
                [0,0,0,0],
                [1,0,0,1],
                [1,0,0,1],
                [0,1,1,0],
                [1,0,0,1],
                [1,0,0,1]
            ]
        },
        "y": {
            "offset": 2,
            "pixels": [
                [1,0,0,1],
                [1,0,0,1],
                [1,0,0,1],
                [1,0,0,1],
                [0,1,1,1],
                [0,0,0,1],
                [0,1,1,0]
            ]
        },
        "z": {
            "offset": 2,
            "pixels": [
                [0,0,0,0],
                [0,0,0,0],
                [1,1,1,1],
                [0,0,0,1],
                [0,1,1,0],
                [1,0,0,0],
                [1,1,1,1]
            ]
        },
        " ": {
            "offset": 0,
            "pixels": [
                [0,0,0]
            ]
        },
        "!": {
            "offset": 0,
            "pixels": [
                [1],
                [1],
                [1],
                [1],
                [1],
                [0],
                [1]
            ]
        },
        "\"": {
            "offset": 0,
            "pixels":[
                [1,0,1],
                [1,0,1],
                [0,0,0],
                [0,0,0],
                [0,0,0],
                [0,0,0],
                [0,0,0]
            ]
        },
        "#": {
            "offset": 0,
            "pixels": [
                [0,1,0,1,0],
                [0,1,0,1,0],
                [1,1,1,1,1],
                [0,1,0,1,0],
                [1,1,1,1,1],
                [0,1,0,1,0],
                [0,1,0,1,0]
            ]
        },
        "$": {
            "offset": 0,
            "pixels": [
                [0,0,1,0,0],
                [0,1,1,1,1],
                [1,0,1,0,0],
                [0,1,1,1,0],
                [0,0,1,0,1],
                [1,1,1,1,0],
                [0,0,1,0,0]
            ]
        },
        "%": {
            "offset": 0,
            "pixels": [
                [1,1,0,0,1],
                [1,1,0,0,1],
                [0,0,0,1,0],
                [0,0,1,0,0],
                [0,1,0,0,0],
                [1,0,0,1,1],
                [1,0,0,1,1]
            ]
        },
        "&": {
            "offset": 0,
            "pixels": [
                [0,1,1,0,0],
                [1,0,0,1,0],
                [1,0,1,0,0],
                [0,1,0,0,1],
                [1,0,1,0,1],
                [1,0,0,1,0],
                [0,1,1,0,1]
            ]
        },
        "'": {
            "offset": 0,
            "pixels":[
                [1],
                [1],
                [0],
                [0],
                [0],
                [0],
                [0]
            ]
        },
        "(": {
            "offset": 0,
            "pixels": [
                [0,1],
                [1,0],
                [1,0],
                [1,0],
                [1,0],
                [1,0],
                [0,1]
            ]
        },
        ")": {
            "offset": 0,
            "pixels": [
                [1,0],
                [0,1],
                [0,1],
                [0,1],
                [0,1],
                [0,1],
                [1,0]
            ]
        },
        "*": {
            "offset": 1,
            "pixels":[
                [0,0,0],
                [0,0,0],
                [1,0,1],
                [0,1,0],
                [1,0,1],
                [0,0,0],
                [0,0,0]
            ]
        },
        "+": {
            "offset": 2,
            "pixels":[
                [0,0,0],
                [0,0,0],
                [0,1,0],
                [1,1,1],
                [0,1,0],
                [0,0,0],
                [0,0,0]
            ]
        },
        ",": {
            "offset": 6,
            "pixels":[
                [0],
                [0],
                [0],
                [0],
                [0],
                [1],
                [1]
            ]
        },
        "-": {
            "offset": 3,
            "pixels":[
                [0,0,0],
                [0,0,0],
                [0,0,0],
                [1,1,1],
                [0,0,0],
                [0,0,0],
                [0,0,0]
            ]
        },
        ".": {
            "offset": 6,
            "pixels": [
                [0],
                [0],
                [0],
                [0],
                [0],
                [0],
                [1]
            ]
        },
        "/": {
            "offset": 0,
            "pixels": [
                [0,0,1],
                [0,0,1],
                [0,1,0],
                [0,1,0],
                [0,1,0],
                [1,0,0],
                [1,0,0]
            ]
        },
        "0": {
            "offset": 0,
            "pixels": [
                [0,1,1,0],
                [1,0,0,1],
                [1,0,0,1],
                [1,0,0,1],
                [1,0,0,1],
                [1,0,0,1],
                [0,1,1,0]
            ]
        },
        "1": {
            "offset": 0,
            "pixels": [
                [0,0,1,0],
                [0,1,1,0],
                [1,0,1,0],
                [0,0,1,0],
                [0,0,1,0],
                [0,0,1,0],
                [1,1,1,1]
            ]
        },
        "2": {
            "offset": 0,
            "pixels": [
                [0,1,1,0],
                [1,0,0,1],
                [0,0,0,1],
                [0,0,1,0],
                [0,1,0,0],
                [1,0,0,0],
                [1,1,1,1]
            ]
        },
        "3": {
            "offset": 0,
            "pixels": [
                [0,1,1,0],
                [1,0,0,1],
                [0,0,0,1],
                [0,1,1,0],
                [0,0,0,1],
                [1,0,0,1],
                [0,1,1,0]
            ]
        },
        "4": {
            "offset": 0,
            "pixels": [
                [0,0,1,0],
                [0,1,1,0],
                [1,0,1,0],
                [1,1,1,1],
                [0,0,1,0],
                [0,0,1,0],
                [0,0,1,0]
            ]
        },
        "5": {
            "offset": 0,
            "pixels": [
                [1,1,1,1],
                [1,0,0,0],
                [1,0,0,0],
                [1,1,1,0],
                [0,0,0,1],
                [1,0,0,1],
                [0,1,1,0]
            ]
        },
        "6": {
            "offset": 0,
            "pixels": [
                [0,1,1,0],
                [1,0,0,1],
                [1,0,0,0],
                [1,1,1,0],
                [1,0,0,1],
                [1,0,0,1],
                [0,1,1,0]
            ]
        },
        "7": {
            "offset": 0,
            "pixels": [
                [1,1,1,1],
                [0,0,0,1],
                [0,0,1,0],
                [0,0,1,0],
                [0,1,0,0],
                [0,1,0,0],
                [0,1,0,0]
            ]
        },
        "8": {
            "offset": 0,
            "pixels": [
                [0,1,1,0],
                [1,0,0,1],
                [1,0,0,1],
                [0,1,1,0],
                [1,0,0,1],
                [1,0,0,1],
                [0,1,1,0]
            ]
        },
        "9": {
            "offset": 0,
            "pixels": [
                [0,1,1,0],
                [1,0,0,1],
                [1,0,0,1],
                [0,1,1,1],
                [0,0,0,1],
                [1,0,0,1],
                [0,1,1,0]
            ]
        },
        ":": {
            "offset": 4,
            "pixels": [
                [0],
                [1],
                [0],
                [0],
                [0],
                [1],
                [0]
            ]
        },
        ";": {
            "offset": 4,
            "pixels": [
                [0],
                [1],
                [0],
                [0],
                [0],
                [1],
                [1]
            ]
        },
        "<": {
            "offset": 1,
            "pixels": [
                [0,0,0],
                [0,0,1],
                [0,1,0],
                [1,0,0],
                [0,1,0],
                [0,0,1],
                [0,0,0]
            ]
        },
        "=": {
            "offset": 2,
            "pixels":[
                [0,0,0],
                [0,0,0],
                [1,1,1],
                [0,0,0],
                [1,1,1],
                [0,0,0],
                [0,0,0]
            ]
        },
        ">": {
            "offset": 1,
            "pixels": [
                [0,0,0],
                [1,0,0],
                [0,1,0],
                [0,0,1],
                [0,1,0],
                [1,0,0],
                [0,0,0]
            ]
        },
        "?": {
            "offset": 0,
            "pixels": [
                [0,1,1,0],
                [1,0,0,1],
                [0,0,0,1],
                [0,0,1,0],
                [0,1,0,0],
                [0,0,0,0],
                [0,1,0,0]
            ]
        },
        "@": {
            "offset": 0,
            "pixels": [
                [0,1,1,1,0],
                [1,0,0,0,1],
                [1,0,0,1,1],
                [1,0,1,0,1],
                [1,0,1,1,1],
                [1,0,0,0,0],
                [0,1,1,1,0]
            ]
        },
        "[": {
            "offset": 0,
            "pixels": [
                [1,1],
                [1,0],
                [1,0],
                [1,0],
                [1,0],
                [1,0],
                [1,1]
            ]
        },
        "\\": {
            "offset": 0,
            "pixels": [
                [1,0,0],
                [1,0,0],
                [0,1,0],
                [0,1,0],
                [0,1,0],
                [0,0,1],
                [0,0,1]
            ]
        },
        "]": {
            "offset": 0,
            "pixels": [
                [1,1],
                [0,1],
                [0,1],
                [0,1],
                [0,1],
                [0,1],
                [1,1]
            ]
        },
        "^": {
            "offset": 0,
            "pixels":[
                [0,1,0],
                [1,0,1],
                [0,0,0],
                [0,0,0],
                [0,0,0],
                [0,0,0],
                [0,0,0]
            ]
        },
        "_": {
            "offset": 6,
            "pixels":[
                [0,0,0,0,0],
                [0,0,0,0,0],
                [0,0,0,0,0],
                [0,0,0,0,0],
                [0,0,0,0,0],
                [0,0,0,0,0],
                [1,1,1,1,1]
            ]
        },
        "`": {
            "offset": 0,
            "pixels":[
                [1,0],
                [0,1],
                [0,0],
                [0,0],
                [0,0],
                [0,0],
                [0,0]
            ]
        },
        "{": {
            "offset": 0,
            "pixels": [
                [0,0,1],
                [0,1,0],
                [0,1,0],
                [1,0,0],
                [0,1,0],
                [0,1,0],
                [0,0,1]
            ]
        },
        "|": {
            "offset": 0,
            "pixels": [
                [1],
                [1],
                [1],
                [1],
                [1],
                [1],
                [1]
            ]
        },
        "}": {
            "offset": 0,
            "pixels": [
                [1,0,0],
                [0,1,0],
                [0,1,0],
                [0,0,1],
                [0,1,0],
                [0,1,0],
                [1,0,0]
            ]
        },
        "~": {
            "offset": 2,
            "pixels":[
                [0,0,0,0,0],
                [0,0,0,0,0],
                [0,1,0,0,0],
                [1,0,1,0,1],
                [0,0,0,1,0],
                [0,0,0,0,0],
                [0,0,0,0,0]
            ]
        },
        "": {
            "offset": 0,
            "pixels": [
                [1,1,1,1,1],
                [1,1,1,1,1],
                [1,1,1,1,1],
                [1,1,1,1,1],
                [1,1,1,1,1],
                [1,1,1,1,1],
                [1,1,1,1,1]
            ]
        }
    }    
}